,text,favourite_count,retweet_count,created_at,handle
0,"@nearcyan ChatGPT is entirely housed within Microsoft Azure. When push comes to shove, they have everything, including the model weights.",11808,985,2023-03-24 05:45:09+00:00,@elonmusk
1,"As part of their investment, Microsoft gained exclusive access to the entire OpenAI codebase",147393,17329,2023-03-24 05:34:31+00:00,@elonmusk
2,"Microsoft fired their AI safety team?
https://t.co/bp5vde1clm",72183,11999,2023-03-16 00:29:27+00:00,@elonmusk
3,"@GRDecter OpenAI was created as an open source (which is why I named it  Open  AI), non-profit company to serve as a counterweight to Google, but now it has become a closed source, maximum-profit company effectively controlled by Microsoft.

Not what I intended at all.",139768,11986,2023-02-17 09:36:56+00:00,@elonmusk
4,@peterboghossian @Microsoft https://t.co/EDD93Yx38p,5,0,2021-11-06 05:13:27+00:00,@Benioff
5,"With Copilot in Microsoft Viva, we re applying next-generation AI to help organizations prioritize both productivity and employee engagement, in order to build high performance teams. https://t.co/Tx8TxUKHPK",461,96,2023-04-20 16:18:08+00:00,@satyanadella
6,"Announcing updates to Microsoft Cloud for Healthcare, as we add new value across the care continuum, including new features to help payors transform and new AI capabilities to help providers gain insights and improve outcomes. https://t.co/pnZHqC9LV9",345,58,2023-04-12 20:20:40+00:00,@satyanadella
7,"With Microsoft Security Copilot, we're combining advanced AI models with domain- and task-specific data, context, and skills to empower every defender and transform every aspect of SOC productivity. https://t.co/AmNBDGQp3M",902,197,2023-03-28 17:01:35+00:00,@satyanadella
8,"With Microsoft 365 Copilot, we're giving people more agency and making technology more accessible with advanced AI and the most universal user interface: natural language. https://t.co/SNNMWcecgx",5387,1041,2023-03-16 16:12:02+00:00,@satyanadella
9,"This month and all year we recognize and celebrate the contributions of the Black and African American community at Microsoft. Thank you to my colleagues for sharing your powerful stories of innovation, leadership, and impact at our company and beyond.  https://t.co/VyIa4zk5qv",326,40,2023-02-19 17:08:48+00:00,@satyanadella
10,"Viva Sales is the super app for all things sales across Microsoft 365, Teams, and a seller s CRM. We re adding new generative AI features to help sellers close deals more quickly. https://t.co/vfJZR1Su7Z",620,115,2023-02-02 16:27:17+00:00,@satyanadella
11,Our strategic partnership will bring together the industry leadership of @LSEGplc with the trust and breadth of the Microsoft Cloud to deliver next generation services that will empower the future of financial markets. https://t.co/EtGSZ7oa2P,291,44,2022-12-12 17:09:50+00:00,@satyanadella
12,"@SandhuTaranjitS @Microsoft Thank you @SandhuTaranjitS for the great conversation on so many important topics, including how we can apply advances in technology to help drive India s resilience and growth going forward.",217,14,2022-12-06 18:28:56+00:00,@satyanadella
13,"This Veterans Day we honor the sacrifice and contributions of those who answer the call to military service   and the positive impact they have at Microsoft, as well as in their local communities. https://t.co/6e0ZRVQRAs",329,40,2022-11-11 16:20:56+00:00,@satyanadella
14,Doing more with less with the Microsoft Cloud https://t.co/D1aoG8P1KZ,618,128,2022-10-12 23:26:43+00:00,@satyanadella
15,"Looking forward to #MSIgnite today, where we ll share new innovations across the Microsoft Cloud, as we work to help organizations do more with less. Please join us. https://t.co/88GOFztJ3M",527,104,2022-10-12 15:48:32+00:00,@satyanadella
16,Thrilled to help the NBA tip off the season with the new NBA App powered by Microsoft Azure. https://t.co/72M9VbDQZY,477,46,2022-09-27 17:14:41+00:00,@satyanadella
17,"Today, we re sharing new Microsoft Viva innovations and Work Trend Index findings to help leaders end productivity paranoia, rebuild social capital, and re-energize their employees. https://t.co/qrgJtfxCI8",564,132,2022-09-22 14:03:48+00:00,@satyanadella
18,"We re celebrating Hispanic Heritage Month with stories of employee identity and empowerment, as we recognize the impact of this community both at Microsoft and beyond. https://t.co/8U6jTNcOlJ",325,49,2022-09-16 00:37:16+00:00,@satyanadella
19,"At #MSInspire, I shared how we re innovating across the Microsoft Cloud with both best-of-category products, as well as best-of-suite solutions, to help our customers do more with less. https://t.co/5r7kEU8ezu",514,118,2022-07-19 17:17:26+00:00,@satyanadella
20,Tune in to #MSInspire today to learn how we're creating new opportunity for our partners and customers across the Microsoft Cloud. https://t.co/u00bl28nfS,274,66,2022-07-19 14:45:40+00:00,@satyanadella
21,"I m looking forward to Inspire next week, where we ll share how we re creating new opportunity for partners to help customers do more with less across the Microsoft Cloud. Please join us. https://t.co/xpbI6s5JBp",448,86,2022-07-14 17:30:05+00:00,@satyanadella
22,"We re thrilled Netflix has selected Microsoft as its advertising technology and sales partner. We want publishers to have more long-term viable ad monetization platforms, so more people can access the content they love wherever they are. https://t.co/QmPszxJTOf",3828,657,2022-07-13 18:34:03+00:00,@satyanadella
23,"Two years into our sustained commitment to address racial inequity both inside and outside Microsoft, it s inspiring to see how these entrepreneurs are creating new opportunity in their communities. https://t.co/pC7GZNX95U",247,38,2022-06-21 16:26:45+00:00,@satyanadella
24,"We re expanding our employee experience platform Microsoft Viva to include new capabilities to meet the needs of specific roles, with the introduction of Viva Sales. https://t.co/cOPY1MG82m",263,39,2022-06-16 16:12:33+00:00,@satyanadella
25,"The identity ecosystem is evolving and requires a complete new trust fabric for our increasingly interconnected world. To bring this to life, we re introducing Microsoft Entra, a new product family encompassing our identity and access capabilities. https://t.co/vZ5v40Jcov",399,69,2022-05-31 20:28:06+00:00,@satyanadella
26,"We believe working on apps in meetings should be multiplayer, and at #MSBuild, we re introducing new ways for developers to build rich, collaborative experiences using the power of the Microsoft Graph and Teams. https://t.co/HQ8lyL8egq",567,107,2022-05-24 20:28:51+00:00,@satyanadella
27,"As @AmericanAir's preferred cloud platform, we ll apply the power of the Microsoft Cloud to help the airline reimagine its operations and build new experiences for employees and customers. https://t.co/fvmOBuXI4f",226,38,2022-05-18 20:26:57+00:00,@satyanadella
28,"Sustainability is an existential priority for our society and for every business today. With our Microsoft Cloud for Sustainability, we ll help organizations reduce their environmental footprint through the power of technology. https://t.co/p2Vo3Mdark",406,55,2022-05-17 19:03:19+00:00,@satyanadella
29,This month at Microsoft we are recognizing and celebrating the enormous contributions of women across the world. Thank you Cynthia Per-Lee and @erinchapple for your insights on how each of us can take action to ensure greater opportunity for all. https://t.co/PgszzAhg7n,227,35,2022-03-22 20:15:56+00:00,@satyanadella
30,"Today, we're expanding our partnership with @FedEx, bringing together their data and insights with the Microsoft Cloud to provide merchants with better visibility into their supply chains and offer customers more integrated and efficient ways to shop. https://t.co/nmDkuwXtsH",1922,235,2022-01-24 15:25:05+00:00,@satyanadella
31,Our new datacenter region in Belgium will help organizations across the public and private sectors accelerate their digital transformation with the Microsoft Cloud. https://t.co/g14koQJtVZ,732,128,2021-11-23 19:38:44+00:00,@satyanadella
32,"Tune in to our Ignite conference today to hear the next chapter of the Microsoft Cloud, and how we are building it for the era ahead. https://t.co/NMLl3rofbl",955,211,2021-11-02 14:07:34+00:00,@satyanadella
33,"Having a comprehensive employee experience platform will be key to business success going forward. By bringing @Allydotio into Microsoft Viva, we will help employees bridge the gap between their everyday tasks and their employer s most important objectives. https://t.co/FouuIRXWAz",559,107,2021-10-07 15:58:20+00:00,@satyanadella
34,"Today, we are expanding our partnership with ServiceNow, which is building new collaborative apps directly in the flow of work with Microsoft Teams. https://t.co/bIAkbyKeco",811,141,2021-09-16 20:51:36+00:00,@satyanadella
35,"The future of security is passwordless. Beginning today, we re making this vision a reality for consumers with a Microsoft account. https://t.co/SKXJhbOaln",2476,494,2021-09-15 14:11:29+00:00,@satyanadella
36,"Thank you @POTUS for convening a critical conversation on cybersecurity. Microsoft will invest $20 billion to advance our security solutions over the next 5 years, $150 million to help US government agencies upgrade protections, and expand our cybersecurity training partnerships.",3261,492,2021-08-25 21:41:30+00:00,@satyanadella
37,"@manikgupta @Microsoft Welcome Manik, I m thrilled to have you join and look forward to the impact you will have.",559,10,2021-08-17 15:33:01+00:00,@satyanadella
38,"For nearly 40 years, Microsoft Flight Simulator has been one of our most beloved franchises, and it s now available for the first time on Xbox Series X and S using the power of Azure, Bing Maps, and Xbox Game Pass. https://t.co/E8ua2NPt0z",5422,575,2021-07-27 16:24:17+00:00,@satyanadella
39,"@MrAhmadAwais @Microsoft Thanks, Ahmad. Your contributions to the GitHub community prove that each of us can contribute individually to create something much bigger than ourselves.",497,21,2021-07-16 22:18:52+00:00,@satyanadella
40,Expanding partner opportunity with the Microsoft Cloud https://t.co/3KciayDcBq,531,91,2021-07-14 21:56:20+00:00,@satyanadella
41,"There is no going back to the digital adoption levels of two years ago. There is only going forward, and the Microsoft Cloud is the most trusted and comprehensive cloud to help our partners deliver on this unprecedented opportunity. https://t.co/Md61DzsOJ9",1089,174,2021-07-14 19:39:15+00:00,@satyanadella
42,"Our focus is on being the best partner for our partners, and at #MSInspire we are announcing new capabilities across the Microsoft Cloud that unlock lasting opportunity to help our mutual customers transform. https://t.co/b1WHk8LI7q",690,147,2021-07-14 16:17:40+00:00,@satyanadella
43,Our strategic partnership brings together the power of Azure and Microsoft 365 with NEC s services and infrastructure expertise to help public and private sector customers build resilience and transform. https://t.co/NnKTOs9O6B,500,78,2021-07-13 15:02:05+00:00,@satyanadella
44,"From Teams Rooms and meeting recaps to Fluid components, here's a look at new Teams and Microsoft 365 features designed to help you adapt to the new operating model of hybrid work   spanning people, places, and processes. https://t.co/qAGxbIfqxR",712,91,2021-06-17 16:48:00+00:00,@satyanadella
45,"Hybrid work is the biggest shift to the way we work in a generation. Today, we re announcing new features in Teams and Microsoft 365 designed to level the playing field for all employees, no matter where they re working from   remote or at the office. https://t.co/rZTHXr8SK0",1075,243,2021-06-17 13:04:29+00:00,@satyanadella
46,"Thank you @ajohnsocyber and @LiatBenZur for sharing how your personal experiences have shaped how you approach inclusion as leaders at Microsoft, and how we can all practice allyship for LGBTQI+ communities. https://t.co/l7BWIRfMtj",298,34,2021-06-14 19:49:21+00:00,@satyanadella
47,"Microsoft is all-in on games. In our 20th year of Xbox, I m in awe of what creators around the world are bringing to our platform. https://t.co/m3oRFVDGS8",7172,878,2021-06-13 19:45:52+00:00,@satyanadella
48,Happy Pride 2021! I m proud to share these stories of Microsoft employees who remind us that together we can drive meaningful change for the LGBTQI+ community and create a more inclusive world for everyone. https://t.co/o8vPZPbfHq,902,147,2021-06-01 16:36:17+00:00,@satyanadella
49,"Everything becomes more complex, not less complex in hybrid work. As Microsoft moves to hybrid, we re sharing what we re learning at scale from around the world to help customers make the shift. https://t.co/VE6Ku9uDKb",1831,316,2021-05-21 13:03:00+00:00,@satyanadella
50,We re introducing new personal features in Microsoft Teams to help people connect and collaborate in one place with family and friends. https://t.co/uZNoQOnFKw,1176,167,2021-05-17 18:42:37+00:00,@satyanadella
51,"Today, we are announcing the EU Data Boundary for the Microsoft cloud. Commercial and public sector customers in the EU will be able to use our core cloud services while their data remains inside the EU. https://t.co/JpT8825uP6",896,179,2021-05-06 15:17:37+00:00,@satyanadella
52,"I am heartbroken by the current situation in India. I m grateful the U.S. government is mobilizing to help. Microsoft will continue to use its voice, resources, and technology to aid relief efforts, and support the purchase of critical oxygen concentration devices.",58305,8552,2021-04-26 02:02:17+00:00,@satyanadella
53,"This is an important issue for our country and for Microsoft. We will always advocate that every individual can exercise their right to vote legally, safely, and securely. https://t.co/8BBBJu1QRn",809,95,2021-03-31 21:30:39+00:00,@satyanadella
54,"Introducing Microsoft Mesh, which enables people to interact holographically with others, with true presence and in a natural way. I can t wait to see the world we create together with this new platform. https://t.co/WsUuOlzruB",1902,492,2021-03-02 22:11:39+00:00,@satyanadella
55,"Announcing exciting updates to Microsoft Teams, ensuring people can collaborate inside and outside the organization, learn in the context of their work, and retain and build social capital. Be sure to watch @jared_spataro s #MSIgnite keynote to learn more: https://t.co/VS6JaGYHLj https://t.co/LLfBTiwqOc",1025,249,2021-03-02 17:31:32+00:00,@satyanadella
56,"Announcing new Microsoft Clouds for financial services, manufacturing, and nonprofits   as we expand our investments to help organizations in every industry improve time to value, increase agility, and lower costs. https://t.co/pMKI3Q1MUk",669,213,2021-02-24 14:09:51+00:00,@satyanadella
57,"Announcing Microsoft Viva, a new employee experience platform bringing together everything an employee needs to be successful from day one   no matter when, where, or how they work. https://t.co/WzRIJShlGP",1738,354,2021-02-04 16:25:08+00:00,@satyanadella
58,"It s great to see our teams coming together to help spread joy and build community with the new Starbucks app in Microsoft Teams, @Kevin_Johnson. https://t.co/UqZZNTuWRC",641,72,2020-12-16 17:06:15+00:00,@satyanadella
59,"As part of our journey to build a more inclusive culture, all of us at Microsoft are learning to be better allies, so we can establish shared language and understanding   and grow together. https://t.co/1KixKqV5TY",350,34,2020-12-15 19:15:11+00:00,@satyanadella
60,"Expanding our partnership with @DeutscheTelekom, bringing together their telco expertise with our cloud capabilities to help organizations use Azure and Microsoft 365 to accelerate their digital transformation. https://t.co/OqjaL6cGAV",512,69,2020-12-10 07:25:05+00:00,@satyanadella
61,"Education in 2020 has been incredibly challenging, and that s why I m inspired by the many students who virtually crossed the globe to connect, share traditions, and learn as part of Microsoft Global Learning Connection. https://t.co/UoxTN7HDTO",625,112,2020-11-16 21:47:11+00:00,@satyanadella
62,"Microsoft Cloud for Healthcare is now available. It brings together capabilities from across our full tech stack to help enhance patient engagement, empower health team collaboration, and improve data insights. https://t.co/UgmqtpHAZf",982,172,2020-10-28 20:46:13+00:00,@satyanadella
63,"@itsmfonline @Microsoft Thank you, @mbuckhamwhite and team, for inviting me   and for the partnership with this important community.",10,2,2020-10-02 21:10:15+00:00,@satyanadella
64,"We re adding new wellbeing features to Microsoft Teams, including integrations with apps like Headspace. Here s my conversation with Headspace co-founder @AndyPuddicombe on why it s important to practice mindfulness in the flow of work. https://t.co/f2dRRadStt",858,157,2020-09-28 21:24:17+00:00,@satyanadella
65,"Bill Gates Sr. is an important part of the Microsoft story; he helped shape our culture, played a vital role in our community, and influenced our philanthropic programs. We send our condolences to the Gates family and gratitude for Bill Sr.'s enduring legacy. https://t.co/Qu6FcumNa8",4158,382,2020-09-15 22:34:42+00:00,@satyanadella
66,Thank you to all of the Microsoft employees who are contributing their expertise to help us navigate COVID-19 as a company and support our customers on the frontlines of this crisis. https://t.co/1UKaKQ00Rd,1298,193,2020-08-24 19:05:46+00:00,@satyanadella
67,Microsoft Flight Simulator brings together the power of our technology   from Azure and Bing Maps to Xbox Game Pass   so you can visit the places you love and dream of exploring   no actual travel required. https://t.co/hydqaMWUDg,6120,923,2020-08-18 15:13:58+00:00,@satyanadella
68,"With Surface Duo, we re unlocking the power of two screens and bringing together the best of Microsoft 365 and Android to help people be more productive in a multi-sense, multi-device world. https://t.co/Jh5Cmb76zU",1636,249,2020-08-12 13:10:33+00:00,@satyanadella
69,"We re celebrating the contributions of the Indigenous community at Microsoft with the launch of our newest employee resource group, which will foster awareness of Indigenous cultures and help us shape more inclusive technologies. https://t.co/L8HMOenoLz",642,66,2020-08-10 22:19:28+00:00,@satyanadella
70,Excited to partner with the @NBA to reimagine the game experience with Microsoft Teams Together mode. So fans can feel like they re together from the safety of their homes and players experience the energy of cheering fans in the arena. https://t.co/nIKmRXlasl,1150,265,2020-07-24 20:27:57+00:00,@satyanadella
71,"Congratulations to each of our Microsoft Partner of the Year Award winners, finalists and nominees! Thank you for your ingenuity and commitment to empower our customers and have impact in your communities. https://t.co/cQDqZ9LsTl",1237,118,2020-07-13 20:12:01+00:00,@satyanadella
72,"Today, the Supreme Court issued an important decision for the country and for Dreamers everywhere, including many who work at Microsoft. We know how critical their contributions are to our company and nation, and we will keep fighting for a permanent solution. https://t.co/w6LrBQLMXv",1506,226,2020-06-18 18:29:11+00:00,@satyanadella
73,What a powerful story of a Microsoft colleague who connected her personal experience with her work and used the company as a platform to make a difference. https://t.co/sSL1o3U6as,673,113,2020-05-04 23:57:16+00:00,@satyanadella
74,"We re partnering with @CocaColaCo, which will apply the power of Azure, Dynamics 365 and Microsoft 365 to transform employee and customer engagement. https://t.co/x8bAzjaCoF",1050,221,2020-04-27 15:53:55+00:00,@satyanadella
75,Health care organizations around the world are using the Microsoft Healthcare Bot service to help address COVID-19 and alleviate some of the pressure on healthcare systems and workers. https://t.co/PTOjTYnhGM,1004,220,2020-04-08 17:27:33+00:00,@satyanadella
76,"This week, we announced new capabilities in Microsoft Teams to make it easier for teams to communicate and collaborate and make meetings more inclusive. Take a look. https://t.co/Q3xOeLPcwE",1464,410,2020-03-20 15:38:26+00:00,@satyanadella
77,@ocsdltfco @justinchando @AnthonySalcito @MicrosoftTeams Thank you @ocsdltfco and @MissMurdocksLab for your dedication to your students   and for sharing your experience so that others can learn from you.,55,2,2020-03-19 21:12:09+00:00,@satyanadella
78,"The daily workflow of all of our jobs is changing fast, with many working remotely   often for the first time. Here are some of the learnings we ve had at Microsoft over the past weeks. https://t.co/vvm5d8Og7k",816,333,2020-03-19 00:36:47+00:00,@satyanadella
79,"We re expanding our partnership with @Telefonica to deliver our cloud services   spanning Azure, Microsoft 365 and Dynamics 365   from new datacenters in Spain, helping customers accelerate their digital transformations. https://t.co/exMMM8wBc4",714,215,2020-02-25 15:36:50+00:00,@satyanadella
80,"Thank you, Sarah, for sharing this powerful personal reflection. I m grateful to work with Microsoft leaders whose stories and histories help us learn and build a more inclusive culture   both during Black History Month and throughout the year. https://t.co/ryH6O4l5i9",420,60,2020-02-11 20:57:14+00:00,@satyanadella
81,"Congratulations, @SteveGleason on such a well-deserved honor. Your unwavering passion, advocacy and work to ensure technology makes a difference in the lives of those with ALS is an inspiration to all of us at Microsoft. https://t.co/FBxWIelxZ7",602,104,2020-01-16 23:42:49+00:00,@satyanadella
82,"Today, we recognize the service and sacrifice of our nation's heroes. At Microsoft, we're committed to supporting the veteran community and are fortunate to count so many veterans as colleagues. Happy Veterans Day! https://t.co/k7JVe3ckYC",465,73,2019-11-11 22:00:29+00:00,@satyanadella
83,"Across our platforms, we are innovating to help our customers build tech intensity   adding powerful new capabilities and tools in Azure, Security, Power Platform, Dynamics 365 and Microsoft 365. https://t.co/dpNEL70jFN",952,272,2019-11-04 16:32:13+00:00,@satyanadella
84,"Improving health outcomes while reducing costs is one of our biggest challenges   and together with @Humana we re working to address it, applying the power of Azure AI and Microsoft 365 to build new solutions to help people manage their health. https://t.co/eAQI7Jkzae",333,89,2019-10-21 23:05:46+00:00,@satyanadella
85,"Together with @Novartis, we will apply the power of Azure and Microsoft AI to some of the biggest challenges facing the life sciences industry today. https://t.co/AKjlDFNAHa",808,235,2019-10-01 14:11:35+00:00,@satyanadella
86,"Here s a look at some everyday examples of how we are infusing AI across Microsoft 365   from image-to-data conversion in Excel and presenter coaching in PowerPoint to inclusive whiteboards in Teams, which we just introduced today. https://t.co/pMle5Gcmyx",1128,319,2019-08-15 17:50:14+00:00,@satyanadella
87,"Together with @ATT, we will apply the power of Azure and Microsoft 365 to transform the way AT&amp;T s workforce collaborates and to shape the future of media and communications for people everywhere. https://t.co/vxSBaeH9Hy",842,211,2019-07-17 13:15:50+00:00,@satyanadella
88,This Pride month we're celebrating how Microsoft employees around the world are advancing inclusion   and are making it easier than ever for our customers to share their Pride too. #MicrosoftPride https://t.co/VpV9T5Q2V2,618,146,2019-05-31 20:06:46+00:00,@satyanadella
89,Our new Microsoft Africa Development Center will be at the forefront of building innovative solutions that benefit Africa   and the entire world. https://t.co/DlIrdkfMaF,2568,717,2019-05-14 18:17:55+00:00,@satyanadella
90,"Fantastic to have @melindagates back on the Microsoft campus today to talk about her new book, #MomentofLift. It was a powerful and timely conversation about the importance of lifting up women to lift up all of humanity. It was inspiring to hear her stories and insights. https://t.co/qsDzyAwNC8",1089,156,2019-05-10 01:29:35+00:00,@satyanadella
91,"Great to be at Dell Tech World with @MichaelDell and @PGelsinger, building on our commitment to being open and flexible to meet customers  needs, ensuring they can take advantage of the Microsoft cloud using the technologies they already have. https://t.co/jR2A7F5cKT",913,315,2019-04-29 18:51:52+00:00,@satyanadella
92,"Today we re welcoming Express Logic to Microsoft, furthering our goal to simplify IoT   from the cloud to the smallest MCU-based devices. https://t.co/fI5ScEcVKa",952,250,2019-04-18 21:02:11+00:00,@satyanadella
93,"@jeffraikes @Microsoft @UNLincoln @RaikesSchool Thanks, Jeff. Looking forward to visiting @UNLincoln and @RaikesSchool and meeting with students and faculty.",45,6,2019-04-17 21:55:09+00:00,@satyanadella
94,"I enjoyed talking to @Adobe CEO Shantanu Narayen about how the Open Data Initiative with Adobe, SAP and Microsoft is enabling organizations to unlock the power of their data, as well as his views on the future of the creative industry. https://t.co/dQIADmwxYD",746,137,2019-04-11 15:21:18+00:00,@satyanadella
95,"Today we introduced new capabilities to make collaboration more inclusive and intelligent, while delivering new levels of security and compliance, for the more than 500,000 organizations using Microsoft Teams. https://t.co/084Bnj9KM8",863,298,2019-03-19 17:28:08+00:00,@satyanadella
96,"Hate and violence have no place in our society. We mourn all the victims of the horrific attack in New Zealand including Atta Elayyan and Syed Jahandad Ali, who were part of our Microsoft MVP and partner communities. Our hearts are with the victims  families and loved ones.",8817,1853,2019-03-17 01:51:42+00:00,@satyanadella
97,"Announcing Microsoft Game Stack, a new initiative bringing together tools and services   from Azure and App Center to PlayFab and Xbox Live   so developers can create, operate and scale the cloud-first games of the future. https://t.co/MQupSifxFe",1669,571,2019-03-14 17:21:30+00:00,@satyanadella
98,Fantastic to see @PlutonForEver on 60 Minutes last night discussing the importance of STEM education for girls. Bonnie's advocacy and work to close the gender gap in our industry is an inspiration to all of us at Microsoft. https://t.co/YqIlcbpnps,289,50,2019-03-04 22:18:33+00:00,@satyanadella
99,"During #BlackHistoryMonth, colleagues across Microsoft are sharing how ""one small act"" helped define who they are today. I was moved by their stories, a powerful reminder of the enormous difference that a mentor, teacher or friend can have in our lives. https://t.co/oVvZKjGEv4",295,55,2019-02-22 19:26:44+00:00,@satyanadella
100,"As we celebrate #BlackHistoryMonth, we also recognize the 30th anniversary of our Blacks at Microsoft community. As @ToniTWhitley shares, our employee resource groups are essential in fostering a diverse &amp; inclusive culture where everyone is welcomed &amp; valued https://t.co/7yzGBQduvo",279,56,2019-02-14 22:37:01+00:00,@satyanadella
101,"Microsoft has always been a partner-led company, and we are committed to creating more opportunity for our partners across our businesses. https://t.co/kV8WPNEOAj",1009,266,2019-02-05 23:50:27+00:00,@satyanadella
102,"Today we are welcoming Citus Data to Microsoft, building on our commitments to make Azure the most comprehensive cloud to run open source and proprietary workloads   at any scale   and to accelerate developer freedom, innovation and openness. https://t.co/g4yYq07Z8Z",1120,283,2019-01-24 23:26:21+00:00,@satyanadella
103,Across Microsoft   from Teams and Flipgrid to Surface and Mixed Reality   we are working to empower every student and every educator with tools that will amplify their creativity and ingenuity https://t.co/QCy9pUyTnr,827,213,2019-01-22 23:38:46+00:00,@satyanadella
104,"The Puget Sound is Microsoft s home and we believe everyone who works here   our employees &amp; partners and all those who serve our community: teachers, small business owners &amp; first responders   should be able to live here. And we are committed to doing our part. https://t.co/oQnkhEtsr2",3068,607,2019-01-17 05:04:56+00:00,@satyanadella
105,"Together with Walgreens Boots Alliance we aim to put people at the center of their health &amp; wellness, combining the power of Azure cloud and AI technology and Microsoft 365 with Walgreens Boots Alliance s deep industry expertise https://t.co/iOHQPdZdi9",993,187,2019-01-15 18:54:43+00:00,@satyanadella
106,Introducing new capabilities in Microsoft Teams to empower the more than 2 billion firstline workers around the world to do their best work https://t.co/tbISHOHp3y,692,169,2019-01-10 23:28:56+00:00,@satyanadella
107,Learn how the Microsoft Soundscape app enables anyone   including people who are blind or with low vision   to hear the physical world around them. https://t.co/N2WQxQ0Olt,594,198,2018-10-29 18:44:04+00:00,@satyanadella
108,"I m thrilled to welcome GitHub to Microsoft. Together, we will continue to advance GitHub as a platform loved by developers and trusted by organizations. https://t.co/gAHyunO4Ko",4058,952,2018-10-26 14:00:42+00:00,@satyanadella
109,"We re inspired to see how Microsoft 365 Learning Tools is empowering people with dyslexia, and today we signed the Made by Dyslexia pledge to broaden our impact. https://t.co/eqWHXZ0oNj",673,159,2018-10-15 22:00:49+00:00,@satyanadella
110,"Paul, All of us at Microsoft are standing with you and are here to lend you strength in all the days ahead. https://t.co/xWnQE09uDW",1513,137,2018-10-01 22:44:40+00:00,@satyanadella
111,Announcing new AI and mixed reality business apps for Microsoft Dynamics 365 https://t.co/lUDsOU9NyR,779,277,2018-09-19 00:00:34+00:00,@satyanadella
112,BMW is transforming how people interact with their cars with Microsoft Azure and AI https://t.co/cyqMyO6r9y,1757,585,2018-09-06 23:33:01+00:00,@satyanadella
113,"Banneker High School students Mikayla Sharrieff, Bria Snell and India Skinner are well on their way to changing the world and inspiring many others to do the same. Thanks for visiting us at Microsoft! https://t.co/QkPvPbSQnl https://t.co/CsHjEcLty2",723,79,2018-07-30 23:37:02+00:00,@satyanadella
114,"@amcauce Well said, @amcauce Thank you for joining us at Microsoft to share your views and experiences in this important conversation.",39,3,2018-07-27 23:54:13+00:00,@satyanadella
115,"@ArlanWasHere @Microsoft @6Gems @amcauce @TinaBrownLM @darrenwalker @Backstage_Cap Thanks for visiting us at Microsoft, @ArlanWasHere and contributing to such an important conversation on inclusion.",157,10,2018-07-27 23:43:22+00:00,@satyanadella
116,"We want to ensure capital is available more broadly in society, and that must include more women entrepreneurs. Today we announced a global competition as part of our Microsoft venture fund to invest in women-led start-ups. https://t.co/xFT8J4DgMj",987,283,2018-07-26 15:30:47+00:00,@satyanadella
117,"@ChloeKim @Microsoft Thanks for joining us at Imagine Cup today, @ChloeKim - your story and lessons learned on and off the mountain are truly inspiring!",113,6,2018-07-26 04:41:38+00:00,@satyanadella
118,"Announcing new updates to Microsoft Teams
https://t.co/msCG71HnXC",1600,571,2018-07-12 18:17:57+00:00,@satyanadella
119,"Announcing Microsoft Healthcare, a new initiative with a visionary team, as we work to harness the power of health data to improve lives around the world. https://t.co/c191KjT6X3",1413,399,2018-06-27 00:30:21+00:00,@satyanadella
120,Combining the power of Microsoft Azure with InMobi s marketing platforms to deliver new intelligent customer experiences and business insights to organizations around the world. https://t.co/1TjR0OJhJM,422,105,2018-06-26 18:13:13+00:00,@satyanadella
121,Thrilled to welcome @Flipgrid to Microsoft! https://t.co/qdQH5LYkQM,1016,270,2018-06-18 14:53:09+00:00,@satyanadella
122,Microsoft + GitHub = Empowering Developers https://t.co/KqLacgODdk,10064,4203,2018-06-04 13:01:32+00:00,@satyanadella
123,"Mikayla, India and Bria, I m inspired by you and the ingenuity of your project. We d love to welcome you to Microsoft to join our annual Hackathon in July. https://t.co/FPiXZXM6K9",681,148,2018-05-03 20:48:25+00:00,@satyanadella
124,"On behalf of all of Microsoft, our hearts are with everyone at YouTube and Google today and all those affected. https://t.co/dijMxGXGpD",2660,447,2018-04-04 00:29:59+00:00,@satyanadella
125,"@tmyerson @Microsoft @BillGates @Steven_Ballmer Terry, I ve had deep admiration and respect for you and your work since our early days on Site Server. Thank you for all you ve done for Microsoft and the Windows ecosystem.",450,27,2018-03-29 19:55:07+00:00,@satyanadella
126,We re excited to see how customers like General Motors are making Microsoft Teams their hub for teamwork and today we re sharing what s next for the product. https://t.co/cmT4ujxwqJ,684,192,2018-03-12 21:50:59+00:00,@satyanadella
127,We can learn so much from others  stories. Powerful set of videos from Microsoft employees who are recognizing Black History Month by sharing the story behind an object of significance to their family history and how it s influenced who they are today https://t.co/i9jfWODUa9,765,163,2018-02-21 01:34:44+00:00,@satyanadella
128,"Jameela Roland s story is inspiring and shows the value investment in training programs can have in helping people prepare for new career &amp; employment opportunities. We re lucky to have you at Microsoft, Jameela! https://t.co/6gvIUipFlr",279,72,2018-01-31 01:48:00+00:00,@satyanadella
129,"Yesterday marked the opening of the Microsoft Software &amp; Systems Academy at Quantico, to help equip transitioning military service members and veterans with technical training and skills to pursue careers in technology https://t.co/l4Qs3Sfj95",1164,350,2018-01-10 01:27:47+00:00,@satyanadella
130,@billmcraven @Microsoft @UTAustin @BobMetcalfe Thanks very much @billmcraven - an honor to meet you and spend time at @UTAustin,14,1,2017-11-14 17:33:23+00:00,@satyanadella
131,"@anilkumble1074 @MicrosoftIndia Thanks very much, Anil. Always fun talking cricket and technology with you!",503,28,2017-11-07 13:49:05+00:00,@satyanadella
132,@NandanNilekani @Microsoft Thanks very much @NandanNilekani - always a pleasure connecting with you,61,6,2017-10-12 19:10:51+00:00,@satyanadella
133,"@TeamGleason Thanks so much Steve, for all of the inspiration, learnings and input you've provided to me and to our Microsoft team. It's an honor to pursue this journey of building technology that truly empowers people in partnership with you.",21,4,2017-10-12 19:09:50+00:00,@satyanadella
134,Congratulations @harryshum on your induction to @theNAEng - thank you for your leadership and contributions to the industry and to Microsoft. https://t.co/Gj2n8wQSvB,215,35,2017-10-09 03:31:41+00:00,@satyanadella
135,"@Willow_Bay @Microsoft Thanks very much, Willow. I enjoyed our conversation.",18,1,2017-10-03 19:40:54+00:00,@satyanadella
136,"@Steven_Ballmer @Microsoft Thanks very much Steve, I appreciate all I ve learned from you and all you ve done for Microsoft.",159,5,2017-09-26 14:38:38+00:00,@satyanadella
137,@PeteCarroll @Microsoft Thanks @PeteCarroll - great addition to my office! #AlwaysCompete #GoHawks #12s https://t.co/kDqwletH6v,144,14,2017-09-22 00:43:38+00:00,@satyanadella
138,Thank you @Steven_Ballmer for all you've done for Microsoft &amp; the global community. Honored to recognize you &amp; mark this GIX milestone. https://t.co/URuroOFwI4,567,90,2017-09-15 19:29:34+00:00,@satyanadella
139,Welcome @createcultivate to @Microsoft   thrilled to have you here for #CreateCultivateSEA https://t.co/92q64OojXw,512,90,2017-09-09 01:03:25+00:00,@satyanadella
140,@Microsoft Met so many amazing students this week. Our Imagine Cup teams above &amp; our 2017 Microsoft Interns here. You all inspire me! https://t.co/QxAJfLd6CG,491,80,2017-07-28 02:09:36+00:00,@satyanadella
141,"No better way to celebrate #NationalInternDay than with 2,000 @Microsoft interns - their energy &amp; passion are contagious! https://t.co/OclhTu8IYz",1613,268,2017-07-27 22:54:01+00:00,@satyanadella
142,It was an honor to host @JustinTrudeau at @Microsoft yesterday &amp; discuss how technology can help create new economic opportunity https://t.co/UGcNgYWqzQ,1016,245,2017-05-18 16:29:49+00:00,@satyanadella
143,Microsoft Teams is here - read how it s transformed the way I work on LinkedIn: https://t.co/xnePTwREzd https://t.co/Epv1knLSDS,459,262,2017-03-14 16:31:37+00:00,@satyanadella
144,Thanks Asta for your contributions to Microsoft Research &amp; for introducing more girls to tech through DigiGirlz https://t.co/DGn6z9ShXL,221,82,2017-03-07 20:27:58+00:00,@satyanadella
145,"""Microsoft + LinkedIn: Beginning our Journey Together"" https://t.co/dHkfQFssg7 on @LinkedIn",1192,905,2016-12-08 14:07:48+00:00,@satyanadella
146,Fascinating predictions from our talented @Microsoft researchers for 2017 &amp; beyond https://t.co/ciyl97Py5G,316,212,2016-12-05 21:58:19+00:00,@satyanadella
147,Thanks @Trevornoah for visiting @Microsoft and sharing your thoughts on the importance of diversity in the workplace.,471,102,2016-11-12 01:11:45+00:00,@satyanadella
148,Great to spend time with &amp; honor our @Microsoft veterans today. Thank you to all veterans for your service to our country https://t.co/dkQjSXnJuz,1231,250,2016-11-12 00:05:26+00:00,@satyanadella
149,Office 365 is the universal toolkit &amp; today we added a new tool....chat-based workspace #MicrosoftTeams https://t.co/b7cBIHnNQu,857,778,2016-11-02 15:49:08+00:00,@satyanadella
150,"Microsoft Dynamics 365, PowerApps and Flow all available for customers today! https://t.co/MXVV1yy1sV",350,307,2016-11-01 22:28:16+00:00,@satyanadella
151,Impressive work by @Microsoft summer Interns. https://t.co/8fV7CKLUiD,292,124,2016-08-31 20:16:17+00:00,@satyanadella
152,.@Microsoft &amp; @LinkedIn: world's leading professional cloud + world's leading professional network https://t.co/63V90F77Wj,1330,1481,2016-06-13 12:37:05+00:00,@satyanadella
153,Great to join @BillRMcdermott to share how @Microsoft &amp; @SAP are empowering customers to transform at #SAPPHIRENOW https://t.co/KIfsW3yPhg,412,315,2016-05-17 16:35:00+00:00,@satyanadella
154,"Any app, any OS, any dev, truly universal developer tools. Welcome @Xamarinhq to @Microsoft https://t.co/i5EGkENNTu",1418,1852,2016-02-24 19:52:02+00:00,@satyanadella
155,"Incredibly proud of the generosity of @Microsoft employees, making 2015 our biggest year yet for charitable giving https://t.co/KvovFPSa3F",904,532,2016-02-10 21:50:00+00:00,@satyanadella
156,Empowerment begins with inclusion. Announcing Microsoft Philanthropies to advance our mission to empower everyone https://t.co/fROyARllFz,314,282,2015-12-15 20:28:36+00:00,@satyanadella
157,"Together, @Dell &amp; @Microsoft are making hybrid cloud more accessible to orgs of all sizes.  https://t.co/KPANZTyHTz",212,213,2015-10-22 20:56:24+00:00,@satyanadella
158,Great to be at #GHC15 with our incredible @MicrosoftWomen &amp; meet the next-generation of talented innovators! https://t.co/cQ5AjrP8Tf,178,124,2015-10-16 15:49:28+00:00,@satyanadella
159,"Honored to welcome President Xi to @Microsoft today &amp; share how tech can help advance health, edu &amp; biz #USChina http://t.co/Zics0eu7mU",483,329,2015-09-24 01:53:40+00:00,@satyanadella
160,Valuing our differences results in better ideas &amp; better products. Proud of all our @Microsoft engineers https://t.co/T5jRdy3CBz,178,135,2015-08-04 19:50:23+00:00,@satyanadella
161,Great to see Brad &amp; Amy representing @Microsoft &amp; standing for empowerment of youth around the globe. https://t.co/gR55C8eVzl,68,48,2015-06-27 20:18:42+00:00,@satyanadella
162,"Value our differences, seek them out, invite them in.  This is me  @Microsoft #PRIDE http://t.co/QDnIJso5yb",202,155,2015-06-26 00:18:27+00:00,@satyanadella
163,Love the talent &amp; creativity our interns bring to @Microsoft. Inspired by Kartik s perseverance to pursue his dreams http://t.co/kYE8YBPRCY,296,262,2015-06-02 19:27:36+00:00,@satyanadella
164,Thrilled @Wunderlist is joining @Microsoft to help customers organize &amp; tackle their most important tasks! http://t.co/rJ1mjT5GEA,418,469,2015-06-02 15:58:42+00:00,@satyanadella
165,Thx Jose Angel for sharing how @realmadriden is transforming with the @Microsoft Cloud. Good luck with #UCL tomorrow! http://t.co/1xqF8r7S89,108,140,2015-05-04 14:49:39+00:00,@satyanadella
166,Honored to join the President to discuss what empowering people means for @Microsoft http://t.co/cc13x2luUU #WorkingFamilyChamps,291,224,2015-04-17 20:10:43+00:00,@satyanadella
167,Welcome @DatazenBI to @Microsoft helping customers maximize value from their data across devices. http://t.co/yIyHLBbpPT,79,127,2015-04-14 20:12:00+00:00,@satyanadella
168,Working together @Microsoft #containers + @docker + Nano Server usher in the next generation of cloud: http://t.co/uW6CWfABOy,202,300,2015-04-08 18:25:30+00:00,@satyanadella
169,"Thank you to our customers, partners &amp; employees who made 40 yrs of @Microsoft possible! Look forward to the next 40 &amp; #empowering everyone",1576,1497,2015-04-03 15:56:58+00:00,@satyanadella
170,Proud to welcome @sunrise to @Microsoft to help people make the most of their time in the mobile &amp; cloud first world http://t.co/k8HI5LN15K,221,247,2015-02-11 20:00:10+00:00,@satyanadella
171,.@Equivio joins @Microsoft to bring machine learning tech to @Office365 eDiscovery solutions: http://t.co/YAozDcq4Eh,59,92,2015-01-20 16:46:53+00:00,@satyanadella
172,"Some of my favorite @Microsoft tech from 2014, sketched on a Surface Pro 3. Look forward to what s ahead in 2015. http://t.co/Zjge5iNbRc",987,1106,2014-12-31 19:00:56+00:00,@satyanadella
173,The next step for Microsoft Cloud for Government   the most complete cloud for every government org: http://t.co/GPX6Rl7dLO,77,130,2014-12-09 18:09:34+00:00,@satyanadella
174,Microsoft Cloud: the most complete cloud http://t.co/k5ZA0OzzGF http://t.co/elAUuWlG7L,337,492,2014-10-20 19:07:59+00:00,@satyanadella
175," Creating is the essence of life @Adobe @Microsoft empowering the creatives with hardware, apps, &amp; the cloud http://t.co/G4vGfLt1mm",168,245,2014-10-06 21:16:02+00:00,@satyanadella
176,Inspiring story...RT Read how @TeamGleason &amp; @Microsoft are making a difference in the fight against ALS http://t.co/igwF4SZhkF,70,81,2014-09-15 21:27:57+00:00,@satyanadella
177,Changing the world: @microsoft quest for a quantum future - http://t.co/3VINawjads http://t.co/TdStguVwZy,97,165,2014-07-24 15:08:11+00:00,@satyanadella
178,Congrats to our =partners that announced new Windows devices at Computex this week @MicrosoftOEM http://t.co/mkPiX5Uudm,85,104,2014-06-04 23:08:12+00:00,@satyanadella
179,I love online courses .and so do 2m Microsoft students http://t.co/jGsnlRzY19 @MSVirtAcademy http://t.co/Re3YhUA8bD,418,426,2014-05-16 22:06:16+00:00,@satyanadella
180,Grass roots innovation in action - the start-up culture in @Microsoft #Garage http://t.co/hKXkSqKzZE http://t.co/mkpF2yH7LR,196,281,2014-02-26 19:18:21+00:00,@satyanadella
181,"Our industry has lost a pioneer and our world has lost a force for good. We send our deepest condolences to Paul s friends, the Allen family and everyone at Microsoft.",16237,2467,2018-10-15 23:21:33+00:00,@tim_cook
182,Congratulations @satyanadella on becoming @Microsoft's newest CEO!,1,0,2014-02-04 18:09:47+00:00,@Brad_D_Smith
183,Today I visited St. Lucie Public Schools in FL. where they are opening 3 schools with a focus on ending minority exclusion and providing opportunities for all! Love it! Bravo to @Microsoft and @LEGO_Group for being partners! https://t.co/J2ylhnvkjw,271,27,2018-07-31 01:57:46+00:00,@mrronclark_
184,"AI Trend and Counter Trend: 

TREND: Big tech is integrating GPT into their products: 
-Cadence adds Generative AI To Chip And System Design (today).
-Atlassian integrates GPT4 into Confluence and Jira. (today).
-Microsoft adds GPT to Office 365 and more (March).

COUNTER TREND:  https://t.co/Sj3lENcRHY https://t.co/fQM3Hynkbt",27,5,2023-04-20 23:47:35+00:00,@jowyang
185,@Matt_Hughes_SC Thanks Matt. Microsoft is involved with this consortium.,0,0,2023-04-20 23:38:10+00:00,@jowyang
186,"@markmadsen @Microsoft @Microsoft365 That was not covered specially. I ll bet corporate app admins have control over that. 

At start of event, Microsoft was clear they are enterprise ready with the usual security.",4,0,2023-04-19 21:50:31+00:00,@jowyang
187,"@YourWebmiester @mbrochh @Microsoft @Microsoft365 Good data point, please let me know if you see any changes",1,0,2023-04-19 15:36:08+00:00,@jowyang
188,"@YourWebmiester @mbrochh @Microsoft @Microsoft365 They said it was in your own private instance, within your company, of course, the devils in the details. 

They have many companies with sensitive information. I m sure this has been thought through.",2,0,2023-04-19 15:02:14+00:00,@jowyang
189,"@maxdavie Thank you. 

MS said the data could be within your firewall. However I could imagine that doesn t stop the usual co-mingling of sensitive data. 

The political concerns are a show stopper, yes. Would Microsoft need to have servers on your soil?",0,0,2023-04-19 11:06:58+00:00,@jowyang
190,"@petershankman @Microsoft @Microsoft365 That is a throwback, Peter. I mean, it s just returning to its legacy vision.",5,0,2023-04-19 10:49:15+00:00,@jowyang
191,@TB_Num @Microsoft @Microsoft365 That s a big shift. But what about all your data?,0,0,2023-04-19 10:28:05+00:00,@jowyang
192,@sergedoub @Scobleizer @Microsoft @Microsoft365 The AIs will actually have to talk to each other.,18,1,2023-04-18 21:45:27+00:00,@jowyang
193,@tzmartin @Microsoft @Microsoft365 That wasn t mentioned. Obviously this is powered on GPT.,2,0,2023-04-18 21:18:28+00:00,@jowyang
194,"17/ All, Microsoft didn't provide a specific date on when the release happens or on specific pricing.",136,10,2023-04-18 20:45:13+00:00,@jowyang
195,@cyrillamblard @Microsoft @Microsoft365 Thanks,0,0,2023-04-18 20:16:33+00:00,@jowyang
196,@Chris_Brannigan @Microsoft @Microsoft365 Thank you,3,0,2023-04-18 20:07:48+00:00,@jowyang
197,"@PMGeducator @MicrosoftTeams Ten years ago, the company felt very stale. now they are on the cutting edge. big turn around.",0,0,2023-04-18 19:19:40+00:00,@jowyang
198,"@emollick Ethan, exactly, every white collar worker around the world that has Microsoft.",3,0,2023-04-18 19:12:30+00:00,@jowyang
199,"@PMGeducator @MicrosoftTeams With AI, won't we have fewer features to fuss with?",0,0,2023-04-18 19:11:43+00:00,@jowyang
200,"3/ Microsoft 365 Copilot is integrated across the apps you already know: word, excel, powerpoint, outlook, and teams. https://t.co/wlQQhhThVc",107,13,2023-04-18 18:09:33+00:00,@jowyang
201,"2/ Microsoft 365 Copilot uses similar natural language experiences that you already know with GPT, and combines it as a layer on top of existing 365 business apps https://t.co/m5FcXvNLyA",126,16,2023-04-18 18:09:33+00:00,@jowyang
202,"1/ Superthread: Microsoft Copilot AI means we all have our own executive assistant. 

I spent time with the @Microsoft @Microsoft365 team this am, they are partnered with OpenAI/GPT. Here's what you need to know. 

#AI https://t.co/rURbzWmjPh",3319,581,2023-04-18 18:09:33+00:00,@jowyang
203,"Intevriew competed. 2.5 hours. 

-Sam said it was the responsibility of OpenAI to reduce harm and maximize positive outcomes 
-They are part non profit and part for profit with self declared resistance to authority 
-Yet they are closely partnered with Microsoft so there is going  https://t.co/1Vu3EzpC1A",26,2,2023-04-08 23:55:17+00:00,@jowyang
204,"Prediction: We will see advertisments in future versions of GPT.  Sponsored sentences .  As search marketers will need to be relevant and have the budget. 

Microsoft would LOVE to disrupt Google. 

I'm on a webinar with @Greencognito @dshiao @jeffrey_coyle @MJB_SF 

#ads #ai  https://t.co/YQXvp0rvHA https://t.co/h33lv9Apcz",17,4,2023-04-06 20:01:58+00:00,@jowyang
205,"My friend Ben already is training AI to write &amp; send emails. Assume this will be native feature in Microsoft/Google. 

Next: we need bots to read for us and summarize. Then to take action for us based on rules. 

Is it: Productive, lazy, inspiring, scary? Answer is yes. https://t.co/W1EUrQGD4o",15,1,2023-03-24 11:26:23+00:00,@jowyang
206,"Powerful and unnerving. Microsoft CoPilot writes your emails, analyzes your data, creates your reports, like having assistants on demand. 

AI is infusing info the most common apps. Humans and AI: digital centaurs.

 https://t.co/cnH6vV1Ezg",11,2,2023-03-17 11:46:08+00:00,@jowyang
207,"Microsoft to integrate ChatGPT into Bing &amp; Microsoft Word:
-Direct attack to Google Search. 
-Clippy was just ahead of its time.
-As companies reduce staff, AI will step forward.",41,4,2023-01-08 14:53:21+00:00,@jowyang
208,@tkawaja Thank you. It also means LinkedIn + Microsoft AI will step forward.,0,0,2022-12-11 15:00:43+00:00,@jowyang
209,@SeanMMasters @DanSchawbel Microsoft (linkedin) and Facebook will be happy to enable this and partner with big employers.,0,0,2022-09-03 14:41:08+00:00,@jowyang
210,"@tpgoebel LinkedIn looks like Microsoft office, at this point",5,0,2022-07-19 03:00:11+00:00,@jowyang
211,@christinelu Microsoft office plugin.,2,0,2022-06-12 14:49:38+00:00,@jowyang
212,"If real, this deal-making by Microsoft is pretty incredible to watch. https://t.co/GnqJ1Yfspl",550,68,2023-01-10 04:53:48+00:00,@levie
213,@Craw @Microsoft @ATVI_AB   Microsoft is taking the lessons it learned cloud (open source and cross platform) and mobile (cross platform support) and bringing it to immersive experiences. Killer apps that build platforms &gt; platforms standalone.,2,0,2022-01-19 01:53:30+00:00,@levie
214,"If you believe the future of computing is more immersive experiences across games, entertainment, communication or business, Microsoft just made a $70B bet on that future.",510,48,2022-01-18 16:58:57+00:00,@levie
215,"Incredible move by Microsoft to buy Activision. Amazingly, it s an all-cash $70B deal, and even if it weren t, it would only be 3% of Microsoft.  ",1451,100,2022-01-18 16:30:56+00:00,@levie
216,"@Carnage4Life I d say it s intuitive but not rational. Everyone in this country actively benefits economically directly and indirectly from us being the country that produces Apple, Google, Microsoft, etc. When that gravy train stops, we are going to look very different economically.",7,0,2021-12-12 04:24:23+00:00,@levie
217,"Today Box announced deepened integration across Microsoft platforms, including the ability to co-edit Office files on the desktop   and plug Box into Teams more natively  . Interoperability is key to the future of software, and Microsoft is delivering. https://t.co/XWHeHennEd",61,5,2021-10-06 13:41:19+00:00,@levie
218,@Carnage4Life I d say ending Scroogle was better for Microsoft :-),10,0,2021-06-30 05:45:30+00:00,@levie
219,"At Box, we re focused on enabling customers to work with their content from any device, any app, and anywhere. This is why partnering with Microsoft is incredibly important, and we re expanding our integrations: https://t.co/L89V94izyU",71,7,2021-03-18 15:29:59+00:00,@levie
220,It s more like sugar daddy @microsoft giving them the following prompt:  all your future @openai updates and improvements are for benefit of improving Microsoft.  https://t.co/IdFno8uuFs,7,1,2023-04-16 22:14:33+00:00,@om
221,Anyone planning a class action lawsuit against Microsoft over wrong information shared via AI  ,6,1,2023-02-08 01:33:50+00:00,@om
222,"I am all for giving Google a kick up it s arse, but Microsoft s search have been less than stellar. Of course somehow they will magically attract consumers to their search.",12,1,2023-02-08 01:33:49+00:00,@om
223,"The only pertinent question that no reporter really asked: that multi billion, multi year experiment that cost MSFT share holders at least 30-40 billion has been a failure. Microsoft Bing hasn t worked as a  search engine  for so long but somehow it will work with ChatGPT. https://t.co/uife7nVDDl",21,6,2023-02-08 01:33:49+00:00,@om
224,"Rule #1 to beat Google: availability of your service. Infrastructure is still Google's big advantage, no matter how much Microsoft throws at OpenAI/ChatGPT.",16,1,2023-02-01 19:35:55+00:00,@om
225,"@sdw @AppStore @EU_Commission Apple did everything it accused Microsoft of doing. And well, who knows what happens. Meanwhile @EU_Commission with its cookies, tracking and all other regulations have not taken into account: how we the people end up bearing the brunt of a shit user experience.",4,0,2022-12-14 02:04:52+00:00,@om
226,The impunity with which @Microsoft Teams is pulling  internet explorer  moves over @SlackHQ makes you wonder why @FTC doesn t dig into this one big tech giant more often. Just saying!,23,4,2022-12-06 00:52:17+00:00,@om
227,"@RFFlores @Azure Yes sure, but the hype and marketing is so far ahead of the reality. I was involved from day one of what is called  cloud  and most of these big vendors have played in loose and easy with their marketing. Especially Microsoft.",0,0,2022-11-25 19:35:08+00:00,@om
228,"@flyosity @StableDiffusion And to be clear @OpenAI Isn t   open  like @StableDiffusion which is a bug and a feature. I am troubled by their cozy relationship with Microsoft, which is not as kosher a giant as they have managed to portray themselves as  ",1,0,2022-11-03 17:39:50+00:00,@om
229,@BenBajarin @Jessicalessin Thy pretty much own them without the headaches of owning them. Very Microsoft-Ian  ,4,0,2022-10-20 22:12:09+00:00,@om
230,"Microsoft laid off 1000 employees. Their documents show they had 221000 employees. So this is a very small number. It would be more interesting to see how many have taken buyouts or have been quietly cut. Otherwise, this feels like a big company using downturn for cleaning house!",23,4,2022-10-18 13:58:26+00:00,@om
231,I am F****NG over @Grammarly What a terrible product that is just Microsoft Autocorrect posing as AI. It is more like Asininie Intelligence!,26,1,2022-09-05 20:48:47+00:00,@om
232,"@jswartz Microsoft became IBM. 
Google became Microsoft. 
Facebook will become MySpace???",4,0,2022-08-08 15:31:27+00:00,@om
233,@davewiner @jack @Twitter @BillGates Only think I would politely add that Bill &amp; Microsoft had a lot less credibility due to their tactics.,1,0,2022-06-11 17:25:58+00:00,@om
234,"@olivier_amar They definitely do a good job of selling privacy as a feature. Of course it allows them to have ad-monopoly on their platform and also fleece the developers. Of course, different rules in China. Still will take them over the other 3 - google, Amazon Microsoft (don t do FaceCrook)",3,1,2022-06-06 18:19:17+00:00,@om
235,How does @microsoft pretend to be the good guy and big tech not to be regulated? This is how. They play ball with the governments and are far more dubious than we all think. Wolf in a velvet dress? https://t.co/2HkEfd4Bjk,12,3,2022-05-20 15:54:34+00:00,@om
236,"Fwiw there have been rumors of Microsoft &amp; US Govt. having a secret handshake and this  treatment with kid gloves  while other big tech comes under scrutiny is a result of that rumored deal. A lot has to do with Windows, Skype, and old cases :)",2,0,2022-04-04 15:49:30+00:00,@om
237,"A lot of people forget that Microsoft had to sign some paperwork regarding its anti-trust problems. And then there was that @Skype acquisition where there was some quid pro quo. In other words, US Govt. has always had Microsoft by the you know what. Everything else is spin! https://t.co/jDMB4U72Cl",7,1,2022-04-04 15:19:18+00:00,@om
238,"Some late night ruminating about the Apple Outage, President s cyberwar warning, rumored breaches at Microsoft &amp; Okta led me to a big  what if  and I ended up writing this new post. Also some good reads from @RealDMitchell @nbashaw @moretothat 

https://t.co/vM2nEtvQGl https://t.co/xQ4MBSdfpW",6,5,2022-03-23 13:45:04+00:00,@om
239,@JohnLMacFarlane @Apple @gmail Sadly I pay for that shit called @GoogleWorkspace since I don t have any other better option. Don t want to deal with Microsoft either.,1,0,2022-03-14 19:19:34+00:00,@om
240,"Ironic, that the platform that started as anti-VC &amp; to enable ""angels"" has raised money from the exact opposite of angels. In the end, we all become we hate. Microsoft became IBM. Google Became MSFT. You get the drift. https://t.co/Wetd9AprsZ",39,6,2022-03-08 18:25:50+00:00,@om
241,"@abacaj Most profitable company in history? 

$29 billion invested by Microsoft.",2,0,2023-04-23 17:22:30+00:00,@Scobleizer
242,"@fteoath @ThisIsMeIn360VR Sorry, OpenAI started in a different direction than it now is going because of Microsoft's many billions of dollars. Which I am sympathetic to. If someone gave me $29 billion there are a number of things I would do for that. 

That said, yeah, I agree, went too far. I know OpenAI  https://t.co/Ocpp0dSWYS",2,1,2023-04-23 08:17:44+00:00,@Scobleizer
243,@dronerogan I am a biological neural network trained on expensive data by Microsoft Corporation and I am currently mostly operating.,3,1,2023-04-23 01:48:10+00:00,@Scobleizer
244,"@TheMarco @elonmusk When I worked at Microsoft we used to have a saying  don t let people see inside the sausage factory. 

Why?

It is a shit show. 

You just got some transparency into how deep the shit is at some companies. 

:-)",2,0,2023-04-22 20:19:55+00:00,@Scobleizer
245,@ThisIsMeIn360VR And when Microsoft funds OpenAI then all the rules go out the window.,4,1,2023-04-22 08:00:36+00:00,@Scobleizer
246,@shinygoldbars When I met Steve Jobs he said  nice to meet the folks copying us.  Worked at Microsoft back then.,2,1,2023-04-21 19:19:04+00:00,@Scobleizer
247,"@rabovitz Reminds me of research that Microsoft did years ago. 

I'm with you, but hey, I'll probably buy one anyway. 

Microsoft's early research: https://t.co/LYBfTCV4nV",6,0,2023-04-21 02:42:44+00:00,@Scobleizer
248,@KarlTheMartian @fahdananta It was a Microsoft thing first.,7,1,2023-04-19 23:42:46+00:00,@Scobleizer
249,"At Microsoft all employees are asked not to look at patents. Why? In a patent suit, I learned, damages are triple if they can prove an employee saw the patent in question. 

How would a company enforce that when you are using an LLM on your home computer or phone that does this? https://t.co/MkQq7oLZZ5",339,43,2023-04-18 18:24:47+00:00,@Scobleizer
250,"@pwlot Steve Jobs, upon meeting me once, said  nice to meet the guys copying us. 

I worked at Microsoft back then.",19,3,2023-04-14 23:55:03+00:00,@Scobleizer
251,@gssgek Yup Microsoft wasn t happy with getting its behind kicked in mobile phones. New management cleaned the place up.,5,0,2023-04-12 05:31:03+00:00,@Scobleizer
252,@ericbahn It took me years to do 600 interviews at Microsoft. Can t imagine hearing no that many times.,1,0,2023-04-11 23:13:23+00:00,@Scobleizer
253,"I had an early version of @peteratmsr's book and in talking with my friend Jeff Stevens, who is running a medical AI startup, we agree it is right on point. 

He is also named on the AGI Spark paper that I just retweeted from Microsoft Research. 

AI will soon save many lives. He  https://t.co/QDLB5RpuXf",30,6,2023-04-07 05:00:13+00:00,@Scobleizer
254,"The insight from Microsoft Research is mind blowing. Eric Horvitz, who is named as one of those who worked on this paper, is Microsoft s most prolific inventor (he has more patents at Microsoft than anyone else). https://t.co/26NcJNVqQg",114,21,2023-04-07 04:20:28+00:00,@Scobleizer
255,"@episodex Until they figure out they do. 

Microsoft did research years ago that shows that having two monitors makes you much more productive.",1,0,2023-04-06 18:27:23+00:00,@Scobleizer
256,"@WholeMarsBlog I didn t see Microsoft as aggressive before GPT. 

Now it is reshaping the world. Quickly.",4,0,2023-04-03 19:57:49+00:00,@Scobleizer
257,"@WholeMarsBlog And Bill Gates told me to learn everything about Microsoft I wanted but to share everything. 

The AI knows. Everything.",11,0,2023-04-03 19:54:12+00:00,@Scobleizer
258,"@SemiTruckAI @rationalaussie Yes. 

The nastiness I heard from team leaks triggered me. At Microsoft there were many who hated the tablet.",0,0,2023-04-02 02:37:34+00:00,@Scobleizer
259,@JoeTransue I cried when I first saw the world wide telescope demoed at Microsoft Research. 30 telescopes for free.,2,0,2023-04-02 01:48:20+00:00,@Scobleizer
260,"@Tillsbury1 My first interview at Microsoft, who invented the font smoothing technique used on all screens, was Bill Hill who told me how he escaped poverty in Scotland:  I went to the library and read a book every day. 

I focus on the people who try to get better every day.",189,6,2023-04-02 01:04:39+00:00,@Scobleizer
261,@_ravishah @Humane @Microsoft @OpenAI Tim Cook knows the challenge. I am not going anywhere.,2,0,2023-03-31 00:01:05+00:00,@Scobleizer
262,@NathanLands So all of those will fail? I can certainly see Microsoft. Tesla isn't much of an AI company...,1,0,2023-04-23 00:53:06+00:00,@BenedictEvans
263,Microsoft trying to put an LLM into a search engine (to drive downloads of its web browser!!!) seems just utterly irrelevant in the context of everything that s happened since then.,233,15,2023-04-05 19:00:55+00:00,@BenedictEvans
264,Microsoft &amp; Google adding generative AI into office apps is a classic pattern of incumbents making the new thing a feature. But the new thing generally also enables completely new ways to solve the problem.  Easier spreadsheets  is less important than  why is that a spreadsheet? ,2636,321,2023-03-16 15:40:55+00:00,@BenedictEvans
265,Meanwhile Microsoft grabbing something hot and making people burn 30 minutes installing Edge to try it feels like a huge strategy tax.,40,4,2023-03-15 01:49:47+00:00,@BenedictEvans
266,@jAmos47 Don t tell me - tell Microsoft,3,0,2023-03-15 01:40:56+00:00,@BenedictEvans
267,"I am a little surprised how many people do not notice the difference between Google (or anyone else) showing a Google ad on a Google site and Microsoft's browser inserting a Microsoft ad onto SOMEONE ELSE's site. 
Of course, no-one actually uses Edge so   https://t.co/ShjDodq8s6",150,22,2023-02-22 11:19:54+00:00,@BenedictEvans
268,"@f_halley @adam_giebl @frantzfries Um. 
Google showing a Google ad on a Google site is not the same as Microsoft's browser inserting  a Microsoft ad on a Google site. 
One is running an ad on your own site. The other is inserting an ad onto SOMEONE ELSE'S site.",3,0,2023-02-22 11:18:12+00:00,@BenedictEvans
269,"If Google is the new Microsoft and Microsoft is the new IBM, then Bing is ",85,1,2023-02-21 10:33:05+00:00,@BenedictEvans
270,"Microsoft in the late 90s: ""We're creating a global computing platform where million of people  can create and run whatever software they want!""
Microsoft in the malware explosion, a few year later:
""""Oh shit. People are assholes""",47,4,2023-02-19 21:28:02+00:00,@BenedictEvans
271,"Facebook, 2015: ""We're unlocking the possibilities of connecting all the people on earth!""
2016: ""Oh shit. People are assholes""

Microsoft, January 2022: We""re unlocking the latent knowledge of everything people have written online!""
February: ""Oh shit. People are assholes"" https://t.co/f3huTnBzBW",200,32,2023-02-19 21:25:34+00:00,@BenedictEvans
272,I suspect Bing team is frantically looking for Microsoft employees old enough to be able to explain what it was like when users had to pay for their server time by the minute.,48,2,2023-02-13 19:49:54+00:00,@BenedictEvans
273,Any discussion of the LLM threat to Google should probably presume that Google s LLM search will be better than Microsoft s but that that isn t the point.,31,0,2023-02-09 14:58:25+00:00,@BenedictEvans
274,"If this is really how Microsoft intends to deliver generative search, it doesn't look much like a radical discontinuity in experience. Lots of design by committee and risk-avoidance going on here. https://t.co/N1izm0fTjN",327,39,2023-02-08 00:02:54+00:00,@BenedictEvans
275,"2016: you write about 'the global media giants' and think you should mention Microsoft, but not Google, Youtube or Facebook? https://t.co/XRXOyIgm2I",6,1,2023-02-04 17:52:42+00:00,@BenedictEvans
276,"Microsoft layoffs, Microsoft investments https://t.co/Wp4oep4zwa",131,24,2023-01-22 18:26:02+00:00,@BenedictEvans
277,"When I transitioned from @Microsoft to working full-time at the @GatesFoundation, I finally had the time to learn more about physics, chemistry, biology, and other sciences. So, I looked around for the best books and read as many of them as I could find. https://t.co/z2D5xGSeMj",3270,467,2023-04-04 22:25:52+00:00,@BillGates
278,My conversation with @kevin_scott is a great primer on what Microsoft is doing with its emerging AI technology. https://t.co/GGWnoD1mx7,912,165,2023-03-22 20:09:05+00:00,@BillGates
